LATITUDE,LONGITUDE,ELEVATION,PRCP,SNOW,SNWD,TMAX,TMIN
36.46263,-116.8672,-59.1,0.015559451338868224,0.0,0.0,68.61134689053691,46.0792773298598
36.46263,-116.8672,-59.1,-0.01050141702826101,0.0,0.0,72.83579407921731,48.03782521989364
36.46263,-116.8672,-59.1,-0.03480607315767574,0.0,0.0,98.91790877784454,60.56875696296086
36.46263,-116.8672,-59.1,0.03742402218679033,0.0,0.0,71.80069930958896,71.97659155942551
36.46263,-116.8672,-59.1,-0.012070450299556671,0.0,0.0,73.61044378894901,48.116329701877206
36.46263,-116.8672,-59.1,-0.0354279044215742,0.0,0.0,118.76160091461443,93.48728519715893
36.46263,-116.8672,-59.1,-0.029502970397343717,0.0,0.0,68.39643727390845,44.875220761737104
36.46263,-116.8672,-59.1,0.003845213843437168,0.0,0.0,83.18940068262793,51.922283430026596
36.46263,-116.8672,-59.1,-0.0009156357208282519,0.0,0.0,115.91583578125908,88.77962123709669
36.46263,-116.8672,-59.1,-0.04187676461927888,0.0,0.0,80.79053562809878,52.12299842836239
36.46263,-116.8672,-59.1,0.010289143366560753,0.0,0.0,113.66030270568054,82.4381233552311
36.46263,-116.8672,-59.1,0.038708271556718486,0.0,0.0,62.56916656163577,44.01165268037711
36.46263,-116.8672,-59.1,0.10983108559699684,0.0,0.0,73.92600048349122,59.388697430588
36.46263,-116.8672,-59.1,0.005503276751301751,0.0,0.0,61.27976695402414,44.1791228503874
36.46263,-116.8672,-59.1,-0.012469462018769863,0.0,0.0,105.58605056023059,65.93980605047176
36.46263,-116.8672,-59.1,-0.018000758577058275,0.0,0.0,85.14358568142316,59.56731827517797
36.46263,-116.8672,-59.1,-0.03798815075111476,0.0,0.0,112.58811416127688,86.9499703423529
36.46263,-116.8672,-59.1,-0.012581307558086487,0.0,0.0,86.7657046876813,64.6930731348986
36.46263,-116.8672,-59.1,0.03411312087471958,0.0,0.0,69.84097252958958,58.90280218316534
36.46263,-116.8672,-59.1,-0.018077777187712855,0.0,0.0,93.37857032966579,59.3789720960819
36.46263,-116.8672,-59.1,0.04816817236922926,0.0,0.0,65.90579624137573,43.47226854677992
36.46263,-116.8672,-59.1,0.004206661545092078,0.0,0.0,103.81879846386502,76.06210045508978
36.46263,-116.8672,-59.1,0.008408311221650538,0.0,0.0,66.47347444442161,46.680722515964916
36.46263,-116.8672,-59.1,0.00937645773011166,0.0,0.0,106.040255487659,81.16130037724896
36.46263,-116.8672,-59.1,0.042043216280138414,0.0,0.0,105.71525795321006,85.60951262087849
36.46263,-116.8672,-59.1,-0.004713851898571335,0.0,0.0,93.4845051959635,80.0607965446039
36.46263,-116.8672,-59.1,0.0319932215034928,0.0,0.0,83.93413138171182,56.77083373126233
36.46263,-116.8672,-59.1,-0.027323911090477743,0.0,0.0,111.17194884907579,81.28159873526431
36.46263,-116.8672,-59.1,-0.030767706726193205,0.0,0.0,108.27576044082839,82.16451327867122
36.46263,-116.8672,-59.1,-0.028994641570945844,0.0,0.0,99.8672141359742,78.47985229404078
36.46263,-116.8672,-59.1,0.008049592393009066,0.0,0.0,68.49257893139328,52.740716054696264
36.46263,-116.8672,-59.1,0.030023373931652487,0.0,0.0,66.24666847381509,48.264662419256325
36.46263,-116.8672,-59.1,-0.05035282831895273,0.0,0.0,103.75441350074536,76.1673597764268
36.46263,-116.8672,-59.1,-0.005955963371592646,0.0,0.0,110.50189942915158,83.3021818673716
36.46263,-116.8672,-59.1,0.014540799530047381,0.0,0.0,110.54024858371183,88.0768812891631
36.46263,-116.8672,-59.1,0.04827886094090914,0.0,0.0,78.22658276836611,51.07798524521186
36.46263,-116.8672,-59.1,-0.024868422702209778,0.0,0.0,92.84798760818595,53.61254772058765
36.46263,-116.8672,-59.1,-0.022848975224506168,0.0,0.0,106.84219107499507,69.39306404329047
36.46263,-116.8672,-59.1,0.002611645095828019,0.0,0.0,100.06308338726932,76.63881051698004
36.46263,-116.8672,-59.1,0.03637888303467159,0.0,0.0,65.03972985245468,43.475019325925444
36.46263,-116.8672,-59.1,-0.01245145132678347,0.0,0.0,134.8753752342877,104.33949772632937
36.46263,-116.8672,-59.1,-0.0014279129928239426,0.0,0.0,62.28713860734237,42.649341962824714
36.46263,-116.8672,-59.1,0.021693277006869096,0.0,0.0,118.5992258416099,89.74049908821405
36.46263,-116.8672,-59.1,0.007486371720627811,0.0,0.0,73.38060545958551,57.918072349713356
36.46263,-116.8672,-59.1,-0.0005321695302850565,0.0,0.0,68.9788232387895,46.78817812466675
36.46263,-116.8672,-59.1,-0.012338943893484123,0.0,0.0,116.78765458391348,82.71111155720227
36.46263,-116.8672,-59.1,0.016513859729856768,0.0,0.0,73.8689150424347,61.50698712749398
36.46263,-116.8672,-59.1,-0.0038737486681809045,0.0,0.0,73.78557558684119,41.16305205546924
36.46263,-116.8672,-59.1,0.015777560077507777,0.0,0.0,71.52812218722205,51.537829479112524
36.46263,-116.8672,-59.1,0.03167914101145465,0.0,0.0,101.50885868207794,74.09916118146151
36.46263,-116.8672,-59.1,-0.028855974748868453,0.0,0.0,100.5926348981152,70.0382294895054
36.46263,-116.8672,-59.1,0.007205934225324363,0.0,0.0,69.98903659660299,46.50844126671538
36.46263,-116.8672,-59.1,0.015850135093728825,0.0,0.0,76.30074041192258,56.033988640278245
36.46263,-116.8672,-59.1,-0.01881544860139574,0.0,0.0,123.12880767072623,94.83458903809483
36.46263,-116.8672,-59.1,0.05320156508588534,0.0,0.0,70.75747325209433,49.34545281150607
36.46263,-116.8672,-59.1,0.05069611095129033,0.0,0.0,84.84826868973111,73.04087309022493
36.46263,-116.8672,-59.1,-0.01280832383912704,0.0,0.0,77.67975941788299,56.32698218845707
36.46263,-116.8672,-59.1,0.01669433238677552,0.0,0.0,87.10447007916116,51.55166675236369
36.46263,-116.8672,-59.1,-0.004202872607426311,0.0,0.0,87.63370739166085,66.69347243603077
36.46263,-116.8672,-59.1,-0.0023706408111663006,0.0,0.0,73.44039822444212,47.1892894898453
36.46263,-116.8672,-59.1,-0.03475185614005465,0.0,0.0,71.27272109502556,45.29493500581761
36.46263,-116.8672,-59.1,0.007371261302393067,0.0,0.0,61.01032598928833,41.06827797140644
36.46263,-116.8672,-59.1,0.06839075198863029,0.0,0.0,72.00555382726805,46.421106048517714
36.46263,-116.8672,-59.1,0.00490299098795406,0.0,0.0,98.00812197637981,73.80177107728748
36.46263,-116.8672,-59.1,-0.023096196624893633,0.0,0.0,82.22908928231284,67.5751215814102
36.46263,-116.8672,-59.1,0.014735329630473278,0.0,0.0,66.62679197981505,45.50254594460416
36.46263,-116.8672,-59.1,0.015404296585879945,0.0,0.0,93.83441998637618,64.53018823071345
36.46263,-116.8672,-59.1,0.04249765534592213,0.0,0.0,68.56483875071187,49.975189748222896
36.46263,-116.8672,-59.1,0.04898662836195948,0.0,0.0,71.22905082875738,47.71269463654572
36.46263,-116.8672,-59.1,0.005840384980786799,0.0,0.0,112.97899750383394,86.92480044333094
36.46263,-116.8672,-59.1,-0.024445023265177744,0.0,0.0,124.96271300869275,85.27787908904456
36.46263,-116.8672,-59.1,-0.0033343009955964643,0.0,0.0,78.88046747028977,46.065479606812936
36.46263,-116.8672,-59.1,-0.00048220921125679986,0.0,0.0,110.40137872522946,85.48150552196753
36.46263,-116.8672,-59.1,0.025333293960651357,0.0,0.0,106.39003146795828,95.53195323130537
36.46263,-116.8672,-59.1,-0.03986209339909868,0.0,0.0,73.2618858540775,46.4320648908514
36.46263,-116.8672,-59.1,-0.048526398016628065,0.0,0.0,82.59124590978264,66.62747532175005
36.46263,-116.8672,-59.1,0.00018614113057104792,0.0,0.0,83.08585179577042,70.80544129004616
36.46263,-116.8672,-59.1,-0.030561473822723798,0.0,0.0,111.89447887444324,79.2352285390364
36.46263,-116.8672,-59.1,-0.035760964743061646,0.0,0.0,69.48172116285546,44.0002284926093
36.46263,-116.8672,-59.1,-0.05018434918065338,0.0,0.0,117.910344503592,85.14966840212495
36.46263,-116.8672,-59.1,0.6464270945765496,0.0,0.0,90.6891201042009,65.35989541970267
36.46263,-116.8672,-59.1,-0.004760272545217789,0.0,0.0,77.53678562055813,57.38576334899275
36.46263,-116.8672,-59.1,0.012679941040700674,0.0,0.0,80.32029347140544,55.75127657072173
36.46263,-116.8672,-59.1,0.017109630699753936,0.0,0.0,91.43952721434124,49.20680867350986
36.46263,-116.8672,-59.1,0.011794212591540445,0.0,0.0,96.25274999344452,63.382173646615705
36.46263,-116.8672,-59.1,0.008549466611856047,0.0,0.0,66.13879534663673,39.70442033732327
36.46263,-116.8672,-59.1,-0.03771563692821884,0.0,0.0,65.6926779850724,43.13695786211827
36.46263,-116.8672,-59.1,0.018488325236255973,0.0,0.0,67.29096921476703,52.57929502314478
36.46263,-116.8672,-59.1,0.023794419052055323,0.0,0.0,68.79133134425685,43.7592809985734
36.46263,-116.8672,-59.1,-0.05959129098584898,0.0,0.0,69.38341093558114,49.771994478774005
36.46263,-116.8672,-59.1,0.010068082785835701,0.0,0.0,94.07030906141725,56.58314135518914
36.46263,-116.8672,-59.1,0.03357438647823504,0.0,0.0,67.16081332531917,51.222359041297395
36.46263,-116.8672,-59.1,0.026006415059444656,0.0,0.0,77.21866326405598,48.194250267771515
36.46263,-116.8672,-59.1,-0.029849029892736842,0.0,0.0,66.12315674955146,41.64878368871222
36.46263,-116.8672,-59.1,0.037922755333569175,0.0,0.0,66.80984579245278,43.438059669341754
36.46263,-116.8672,-59.1,0.0654590569214342,0.0,0.0,82.9891140631929,75.59936470832453
36.46263,-116.8672,-59.1,-0.00957001715310484,0.0,0.0,125.83667299099987,84.51213243571154
36.46263,-116.8672,-59.1,0.028597935612695267,0.0,0.0,52.542128970028834,38.133192908436584
36.46263,-116.8672,-59.1,-0.018962600967872244,0.0,0.0,70.0077555835384,38.17018875509712
36.46263,-116.8672,-59.1,0.008643130046789032,0.0,0.0,118.61000020237788,91.98226053521712
36.46263,-116.8672,-59.1,-0.019483945878817483,0.0,0.0,112.26706609234434,81.50511601372521
36.46263,-116.8672,-59.1,-0.05574850860715519,0.0,0.0,106.46242288578391,69.9179314288139
36.46263,-116.8672,-59.1,-0.057480485857364864,0.0,0.0,117.50305803850817,84.55031443243067
36.46263,-116.8672,-59.1,-0.023921199099978155,0.0,0.0,98.42734712540604,70.45617347219745
36.46263,-116.8672,-59.1,-0.023086864266645826,0.0,0.0,100.84286953626511,78.25222814042168
36.46263,-116.8672,-59.1,0.13239790576469576,0.0,0.0,78.66765781582872,57.56051852580789
36.46263,-116.8672,-59.1,-0.01825508172706815,0.0,0.0,69.37838363383533,47.00452734041409
36.46263,-116.8672,-59.1,0.040757257055608044,0.0,0.0,93.92075498344033,82.48298763925983
36.46263,-116.8672,-59.1,-0.05856658605203848,0.0,0.0,91.90209392759834,75.14893903552705
36.46263,-116.8672,-59.1,-0.10911819735693415,0.0,0.0,111.7427361713513,76.75465505741842
36.46263,-116.8672,-59.1,-0.03597801402903752,0.0,0.0,107.83755753239522,79.58922490356615
36.46263,-116.8672,-59.1,-0.03467612287038239,0.0,0.0,115.61248806381181,84.34199979791806
36.46263,-116.8672,-59.1,0.021762890897331685,0.0,0.0,95.23050167427289,67.34532300470268
36.46263,-116.8672,-59.1,0.01346919304760981,0.0,0.0,85.15599865287297,59.000522050722815
36.46263,-116.8672,-59.1,-0.0077216919444734085,0.0,0.0,69.28815828717097,36.16577199034976
36.46263,-116.8672,-59.1,0.027621531291837847,0.0,0.0,111.95822889348754,82.12253772321027
36.46263,-116.8672,-59.1,0.023471366132476593,0.0,0.0,53.29655325156838,33.790725776106044
36.46263,-116.8672,-59.1,-0.0052589797507327715,0.0,0.0,93.93981233746703,68.75260487597592
36.46263,-116.8672,-59.1,0.029661542935156267,0.0,0.0,112.66500002556623,88.93159224759458
36.46263,-116.8672,-59.1,-0.017947324398007003,0.0,0.0,66.39240279555365,39.86030646535833
36.46263,-116.8672,-59.1,-0.014167715220138622,0.0,0.0,103.24926407738931,74.71665550918921
36.46263,-116.8672,-59.1,-0.0021834815940823286,0.0,0.0,102.97935516035471,76.61427619190654
36.46263,-116.8672,-59.1,-0.03541045141462943,0.0,0.0,112.53226878367293,70.80438025087437
36.46263,-116.8672,-59.1,-0.04650105035608291,0.0,0.0,122.90763450118712,85.744100038737
36.46263,-116.8672,-59.1,-0.022225607075989636,0.0,0.0,68.29467620743095,41.036722602275226
36.46263,-116.8672,-59.1,0.0019751027712487084,0.0,0.0,82.16285103211109,48.85366007205463
36.46263,-116.8672,-59.1,-0.02607009523667632,0.0,0.0,67.60917632623766,45.90345561421357
36.46263,-116.8672,-59.1,0.015042318027603942,0.0,0.0,51.58164372578276,30.09511584511253
36.46263,-116.8672,-59.1,-0.03994425817573676,0.0,0.0,84.84977136459248,65.81921357646318
36.46263,-116.8672,-59.1,0.03292205202031256,0.0,0.0,57.9147023044847,37.060122147051096
36.46263,-116.8672,-59.1,-0.06254824514228603,0.0,0.0,101.97921175770365,61.75686932413683
36.46263,-116.8672,-59.1,0.0454426675087118,0.0,0.0,71.31088495465599,49.39797330234033
36.46263,-116.8672,-59.1,0.006806918550108688,0.0,0.0,110.91997513778392,87.71877340018226
36.46263,-116.8672,-59.1,-0.04196040230962477,0.0,0.0,73.65269237913031,52.43297219275698
36.46263,-116.8672,-59.1,-0.01735677767280676,0.0,0.0,107.82160327779022,77.08274770665264
36.46263,-116.8672,-59.1,-0.019929093629497047,0.0,0.0,114.06520421255551,86.63386037397044
36.46263,-116.8672,-59.1,-0.03694635325743962,0.0,0.0,92.63686376745711,66.90772554086257
36.46263,-116.8672,-59.1,-0.017435550455478316,0.0,0.0,75.40663206561915,51.39068316467897
36.46263,-116.8672,-59.1,-0.02089036838597868,0.0,0.0,71.45119770608719,45.6330703921017
36.46263,-116.8672,-59.1,0.0024608198368289355,0.0,0.0,103.24331629597825,75.81550946442172
36.46263,-116.8672,-59.1,0.054687265874792425,0.0,0.0,64.6113587084678,40.197773352703514
36.46263,-116.8672,-59.1,-0.021492244024050543,0.0,0.0,98.77387848550676,81.71833008933916
36.46263,-116.8672,-59.1,0.04525090386515232,0.0,0.0,73.84280277557484,47.9195607708182
36.46263,-116.8672,-59.1,0.004038258742817303,0.0,0.0,115.55656059363112,88.7550177978323
36.46263,-116.8672,-59.1,0.01743210960867364,0.0,0.0,58.473307566163534,43.45494583470775
36.46263,-116.8672,-59.1,0.021566551309482374,0.0,0.0,100.91973031995884,78.4587780301637
36.46263,-116.8672,-59.1,0.002792923496869172,0.0,0.0,76.65309069663198,54.678662561958625
36.46263,-116.8672,-59.1,0.04650955263260102,0.0,0.0,74.43047619004437,69.51386358737686
36.46263,-116.8672,-59.1,-0.03462772198087606,0.0,0.0,77.78098606766014,62.44411043157356
36.46263,-116.8672,-59.1,0.02609169954666475,0.0,0.0,106.90144355019915,91.07014631127147
36.46263,-116.8672,-59.1,-0.001197398741498546,0.0,0.0,81.33987004597803,64.98293039381322
36.46263,-116.8672,-59.1,0.03376319477386998,0.0,0.0,87.00965333850226,63.82136768334499
36.46263,-116.8672,-59.1,0.006346984593811662,0.0,0.0,70.69068100398796,45.96314768672093
36.46263,-116.8672,-59.1,-0.0078588350045951,0.0,0.0,104.94118721614751,77.39288033508782
36.46263,-116.8672,-59.1,0.034343163242093834,0.0,0.0,60.58309913354835,41.40153317668059
36.46263,-116.8672,-59.1,-0.058135970913680196,0.0,0.0,104.17895455838523,73.52998304145582
36.46263,-116.8672,-59.1,0.035029016752354536,0.0,0.0,74.26156441185795,54.602087477056585
36.46263,-116.8672,-59.1,0.023872053164875284,0.0,0.0,106.07708783758378,74.94425667299046
36.46263,-116.8672,-59.1,-0.03634194588995799,0.0,0.0,64.41184422376705,42.736767427526516
36.46263,-116.8672,-59.1,0.0023290589671185516,0.0,0.0,105.45828567053557,79.4873751505543
36.46263,-116.8672,-59.1,0.03291284618693808,0.0,0.0,99.20409403055538,69.33978572184228
36.46263,-116.8672,-59.1,0.012915769520849862,0.0,0.0,92.96481419121406,72.09114646161962
36.46263,-116.8672,-59.1,-0.045584322084250686,0.0,0.0,104.74593798496099,77.31540833724853
36.46263,-116.8672,-59.1,-0.0038234623088420536,0.0,0.0,84.35960256528023,52.30373188723831
36.46263,-116.8672,-59.1,-0.003640456917942724,0.0,0.0,103.80017807029738,83.32919950651129
36.46263,-116.8672,-59.1,0.07255986135321975,0.0,0.0,69.67919245097629,58.4283533691205
36.46263,-116.8672,-59.1,0.13961145237065362,0.0,0.0,68.70847795349427,47.288343132697406
36.46263,-116.8672,-59.1,0.0020448526767007855,0.0,0.0,112.81604409497591,90.53467304722935
36.46263,-116.8672,-59.1,0.03773871727346977,0.0,0.0,67.37047226463498,41.96663189118866
36.46263,-116.8672,-59.1,0.021466318484735108,0.0,0.0,99.18838891635727,72.37579034859036
36.46263,-116.8672,-59.1,-0.022224370965602612,0.0,0.0,113.52200141649695,74.66703358663604
36.46263,-116.8672,-59.1,-0.032787740501976415,0.0,0.0,71.64190767686817,42.59432192908599
36.46263,-116.8672,-59.1,0.009968603173634202,0.0,0.0,70.03101666770458,43.09120830503243
36.46263,-116.8672,-59.1,0.07916767461979564,0.0,0.0,97.24692727278801,78.61834673742408
36.46263,-116.8672,-59.1,0.038247526285372715,0.0,0.0,89.92945981208624,65.65684580914305
36.46263,-116.8672,-59.1,0.019180210608817378,0.0,0.0,114.95584325988968,81.93516244360224
36.46263,-116.8672,-59.1,-0.0257347568590609,0.0,0.0,129.86299541970862,101.92165296339655
36.46263,-116.8672,-59.1,0.013441221489345718,0.0,0.0,69.31097360127288,39.18352047512731
36.46263,-116.8672,-59.1,-0.004318798815853472,0.0,0.0,91.75374587191659,68.40282009115889
36.46263,-116.8672,-59.1,0.020767729994093584,0.0,0.0,107.05454448374573,85.6655527588129
36.46263,-116.8672,-59.1,0.013749516293429367,0.0,0.0,68.64955695869715,54.46027819480917
36.46263,-116.8672,-59.1,0.03982960666702284,0.0,0.0,85.1994924110495,68.10435019771145
36.46263,-116.8672,-59.1,0.04623952022148096,0.0,0.0,87.6611959399332,78.44177312174389
36.46263,-116.8672,-59.1,-0.019961903427413465,0.0,0.0,80.14058663503062,74.99860765409554
36.46263,-116.8672,-59.1,-0.03584500033478289,0.0,0.0,80.898436999328,48.92464247344321
36.46263,-116.8672,-59.1,0.07845383734908606,0.0,0.0,79.87685857006124,59.911022421784395
36.46263,-116.8672,-59.1,0.028003246377070454,0.0,0.0,58.807369232511455,39.43488586274898
36.46263,-116.8672,-59.1,-0.06549998007077999,0.0,0.0,103.74884631906839,77.39282120702558
36.46263,-116.8672,-59.1,-0.04003730838312946,0.0,0.0,96.39658386546283,65.90644921524637
36.46263,-116.8672,-59.1,-0.025813523154929154,0.0,0.0,115.5820678862308,87.70579383641902
36.46263,-116.8672,-59.1,0.025036508685731873,0.0,0.0,56.58478418212433,34.15654888686703
36.46263,-116.8672,-59.1,0.04339785384862089,0.0,0.0,82.87994025039816,66.24490536461428
36.46263,-116.8672,-59.1,-0.008576856883645763,0.0,0.0,106.7389088658534,78.93540843732818
36.46263,-116.8672,-59.1,-0.06967796747888012,0.0,0.0,60.80021735476638,38.878995132877435
36.46263,-116.8672,-59.1,0.00719573544032572,0.0,0.0,64.97751491511026,44.398434139999324
36.46263,-116.8672,-59.1,-0.0053217597004356154,0.0,0.0,119.29702022798962,94.16433221687647
36.46263,-116.8672,-59.1,0.01732028780907017,0.0,0.0,102.23926959267327,68.69135527032937
36.46263,-116.8672,-59.1,-0.012538785269415082,0.0,0.0,93.38052267042896,67.36286797853093
36.46263,-116.8672,-59.1,-0.013443192722049755,0.0,0.0,83.58399076547738,54.62256476806528
36.46263,-116.8672,-59.1,0.08600895224509106,0.0,0.0,65.36568070712971,46.73223304009792
36.46263,-116.8672,-59.1,0.025482795258199756,0.0,0.0,81.13660803048656,69.8874228429146
36.46263,-116.8672,-59.1,-0.019947483598977005,0.0,0.0,127.54916257868979,102.62301128085022
36.46263,-116.8672,-59.1,0.01048645128501092,0.0,0.0,62.01122156930595,44.24083575187296
36.46263,-116.8672,-59.1,-0.01375008285281645,0.0,0.0,75.16672857590603,45.97675039970616
36.46263,-116.8672,-59.1,-0.033744236985669446,0.0,0.0,87.08599881757898,57.608076338612605
36.46263,-116.8672,-59.1,0.07664876606898595,0.0,0.0,56.04633547628254,36.58714667976244
36.46263,-116.8672,-59.1,0.025447080719152047,0.0,0.0,64.02616192024512,42.35763455108047
36.46263,-116.8672,-59.1,-0.02069800219375878,0.0,0.0,68.49533970511274,39.882173231100204
36.46263,-116.8672,-59.1,-0.01569921786945585,0.0,0.0,84.7410843885115,63.868287776069586
36.46263,-116.8672,-59.1,-0.009164898317680952,0.0,0.0,79.9407158589101,58.58759522129428
36.46263,-116.8672,-59.1,0.02096136836813968,0.0,0.0,64.98387487047346,42.58067886391765
36.46263,-116.8672,-59.1,0.01690168966668874,0.0,0.0,76.73486737123024,56.673423405170965
36.46263,-116.8672,-59.1,-0.018854578095701825,0.0,0.0,76.72766748122007,56.65763848742523
36.46263,-116.8672,-59.1,0.013769531035306863,0.0,0.0,88.78026257223098,75.67345461889457
36.46263,-116.8672,-59.1,-0.019450497832383475,0.0,0.0,102.21345487476168,67.7656664166677
36.46263,-116.8672,-59.1,0.018174112489558625,0.0,0.0,97.22142506226044,83.16888939528869
36.46263,-116.8672,-59.1,0.005154936347891449,0.0,0.0,49.89305611748339,31.92381868226637
36.46263,-116.8672,-59.1,-0.02995041143896425,0.0,0.0,94.56183118265072,77.51428646584034
36.46263,-116.8672,-59.1,0.026459445029565515,0.0,0.0,76.6271698742988,66.33509471680362
36.46263,-116.8672,-59.1,0.0052789036702908555,0.0,0.0,100.43058701471655,69.9686264700114
36.46263,-116.8672,-59.1,-0.018630713127428637,0.0,0.0,130.8976283413769,99.11907847840584
36.46263,-116.8672,-59.1,-0.033828910131214,0.0,0.0,114.25490039812996,83.52991315958221
36.46263,-116.8672,-59.1,-0.016504495281578574,0.0,0.0,110.60989281723731,81.98561431493421
36.46263,-116.8672,-59.1,0.05666746713911142,0.0,0.0,89.31838639350893,86.86271835030878
36.46263,-116.8672,-59.1,-0.0012741509941229172,0.0,0.0,92.56421130570675,63.19671379737011
36.46263,-116.8672,-59.1,-0.037468254800798954,0.0,0.0,63.14771601845247,36.44666774536271
36.46263,-116.8672,-59.1,-0.028739336515702048,0.0,0.0,86.5406297008189,60.9884625147685
36.46263,-116.8672,-59.1,-0.033678798955776,0.0,0.0,71.78712581327945,39.25151225092951
36.46263,-116.8672,-59.1,0.021796054025670728,0.0,0.0,64.84424751928094,43.93977381345927
36.46263,-116.8672,-59.1,0.04477773684925607,0.0,0.0,88.65198479687227,72.77331588767034
36.46263,-116.8672,-59.1,0.012569509830115877,0.0,0.0,77.24191285009667,62.45210012005085
36.46263,-116.8672,-59.1,0.02292398582027313,0.0,0.0,87.29625440257695,53.7146287721075
36.46263,-116.8672,-59.1,0.03188412834976577,0.0,0.0,65.30719768484354,51.06949473105257
36.46263,-116.8672,-59.1,0.03970648745872351,0.0,0.0,84.36995191286654,63.961358797367105
36.46263,-116.8672,-59.1,0.02880911297817022,0.0,0.0,60.81748207563442,38.38252884172362
36.46263,-116.8672,-59.1,-0.0565265331521976,0.0,0.0,79.26788786567448,49.22481839043864
36.46263,-116.8672,-59.1,0.018609798988592264,0.0,0.0,69.46834182538359,43.00375253040372
36.46263,-116.8672,-59.1,0.05004085322642614,0.0,0.0,71.57654899570849,42.45702469947134
36.46263,-116.8672,-59.1,0.0002582843540501606,0.0,0.0,107.96750778876067,77.52965283931354
36.46263,-116.8672,-59.1,0.02710311022422577,0.0,0.0,85.76442415460384,67.63265609548128
36.46263,-116.8672,-59.1,-0.013434031917213757,0.0,0.0,82.76334145451175,47.58766564237241
36.46263,-116.8672,-59.1,0.020903814278717247,0.0,0.0,83.52410652059817,53.63438222714127
36.46263,-116.8672,-59.1,-0.023512200561224366,0.0,0.0,59.619880437510616,41.19720910640101
36.46263,-116.8672,-59.1,-0.04610680134402035,0.0,0.0,107.78018987896992,76.74197244604035
36.46263,-116.8672,-59.1,-0.026661207894359856,0.0,0.0,80.07039060224608,50.93324465601759
36.46263,-116.8672,-59.1,0.05574575158599222,0.0,0.0,75.26957975346845,47.86954445383416
36.46263,-116.8672,-59.1,0.08636056753477367,0.0,0.0,70.14982780089052,51.90697161602443
36.46263,-116.8672,-59.1,0.010087440109848127,0.0,0.0,96.31409224776787,67.38277140306487
36.46263,-116.8672,-59.1,0.021365839875319856,0.0,0.0,64.4340261780103,45.62357978194783
36.46263,-116.8672,-59.1,0.015391703952368172,0.0,0.0,77.2853201921493,51.6492378046447
36.46263,-116.8672,-59.1,0.0005273073517390063,0.0,0.0,63.585073598631965,48.617463936358135
36.46263,-116.8672,-59.1,0.019164662557368334,0.0,0.0,93.6081226959872,64.87230486607193
36.46263,-116.8672,-59.1,0.026405259452687076,0.0,0.0,89.60498750647712,58.4592866091438
36.46263,-116.8672,-59.1,0.004550497009448391,0.0,0.0,89.60759522319678,70.50423136424362
36.46263,-116.8672,-59.1,-0.011627352076325332,0.0,0.0,61.028973719736086,46.1719481982396
36.46263,-116.8672,-59.1,-0.024132607574391878,0.0,0.0,81.09115435396909,58.962947131878785
36.46263,-116.8672,-59.1,0.03566836247377369,0.0,0.0,75.30695515690688,51.043086795300724
36.46263,-116.8672,-59.1,-0.05699405747427907,0.0,0.0,77.6063844721547,51.0553916706554
36.46263,-116.8672,-59.1,-0.057757961318014875,0.0,0.0,119.55192557037536,88.86069633280711
36.46263,-116.8672,-59.1,-0.05421000595233542,0.0,0.0,119.64456275412775,90.51241066880233
36.46263,-116.8672,-59.1,0.023746804317732018,0.0,0.0,81.45299615112494,52.76496810589375
36.46263,-116.8672,-59.1,0.016075916100374364,0.0,0.0,102.60537551470223,68.53078175222399
36.46263,-116.8672,-59.1,-0.01332212554778218,0.0,0.0,117.84889838885981,76.46321952861737
36.46263,-116.8672,-59.1,0.00436540227192213,0.0,0.0,80.19574018426057,50.75676725956757
36.46263,-116.8672,-59.1,0.019862990113852293,0.0,0.0,98.31760084549215,78.81029669751402
36.46263,-116.8672,-59.1,0.0008689205772469188,0.0,0.0,95.67323688056265,64.77953345051478
36.46263,-116.8672,-59.1,0.002185242852676012,0.0,0.0,78.99345209412112,59.71797235912676
36.46263,-116.8672,-59.1,0.022374353020433838,0.0,0.0,109.66804034676093,73.11327092919221
36.46263,-116.8672,-59.1,0.008143575017681256,0.0,0.0,106.98584161122851,69.43426121368607
36.46263,-116.8672,-59.1,-0.011012403202450444,0.0,0.0,95.87626885485282,52.016916943420675
36.46263,-116.8672,-59.1,0.19051928480532312,0.0,0.0,58.16612779539371,36.88927072808315
36.46263,-116.8672,-59.1,0.046019696062086175,0.0,0.0,100.42821889038544,65.10154267985122
36.46263,-116.8672,-59.1,0.019575567952971298,0.0,0.0,94.83953912451612,74.89440881224913
36.46263,-116.8672,-59.1,-0.010211619976309145,0.0,0.0,109.9462175603999,83.53477225746464
36.46263,-116.8672,-59.1,0.030806478115000504,0.0,0.0,67.66689643901992,39.512929969482805
36.46263,-116.8672,-59.1,0.013016136516243282,0.0,0.0,59.919546404863326,37.36737019241272
36.46263,-116.8672,-59.1,-0.019559505448603534,0.0,0.0,101.22308463430117,76.14694742386033
36.46263,-116.8672,-59.1,0.014687303630046094,0.0,0.0,102.27833794088737,65.52706881578086
36.46263,-116.8672,-59.1,-0.07513547541873142,0.0,0.0,80.85658595852277,56.12817820440449
36.46263,-116.8672,-59.1,-0.030624636825969737,0.0,0.0,66.01442505503033,40.05475791495792
36.46263,-116.8672,-59.1,-0.044204056858660565,0.0,0.0,77.90160904357408,70.10079369626318
36.46263,-116.8672,-59.1,0.058570814157805094,0.0,0.0,66.41178942910277,49.54127210683431
36.46263,-116.8672,-59.1,0.008742665032239694,0.0,0.0,65.12218685099798,44.15892713714187
36.46263,-116.8672,-59.1,-0.02541058730530071,0.0,0.0,76.60429542847339,44.22212607069531
36.46263,-116.8672,-59.1,0.013172102323376834,0.0,0.0,60.45141227514684,33.48813930575209
36.46263,-116.8672,-59.1,-0.014008230602419772,0.0,0.0,62.00107878777192,34.779519312963004
36.46263,-116.8672,-59.1,-0.010774383220457536,0.0,0.0,101.47681385668098,85.63405712180634
36.46263,-116.8672,-59.1,0.0059771902273655884,0.0,0.0,91.71887216164912,80.80185957944221
36.46263,-116.8672,-59.1,-0.028849346085755068,0.0,0.0,73.4427303603956,46.724024590683555
36.46263,-116.8672,-59.1,0.003972370313512849,0.0,0.0,110.73865916231078,87.09985247640054
36.46263,-116.8672,-59.1,0.04530328940578208,0.0,0.0,111.96711102806105,87.0566572544995
36.46263,-116.8672,-59.1,-0.008195999187342217,0.0,0.0,85.21041292912886,53.239817401923126
36.46263,-116.8672,-59.1,-0.04585997043131994,0.0,0.0,72.65218066369758,49.5337463606405
36.46263,-116.8672,-59.1,-0.03295950912100485,0.0,0.0,118.68826155953771,83.14864185919515
36.46263,-116.8672,-59.1,0.0022847303124504223,0.0,0.0,96.53214987025903,73.83422251800502
36.46263,-116.8672,-59.1,0.02011801567836694,0.0,0.0,111.30053913508945,94.7455289203037
36.46263,-116.8672,-59.1,-0.00915223387568694,0.0,0.0,93.32073033707422,69.74380747890592
36.46263,-116.8672,-59.1,0.018752971586593975,0.0,0.0,64.67421214145641,45.3442962821038
36.46263,-116.8672,-59.1,0.038400185580074735,0.0,0.0,121.9051968960953,97.2747457164297
36.46263,-116.8672,-59.1,0.010870056744589941,0.0,0.0,103.42988851167055,78.54703492838811
36.46263,-116.8672,-59.1,0.020669070677976718,0.0,0.0,111.36488221464475,82.65323290933945
36.46263,-116.8672,-59.1,0.029429350359524726,0.0,0.0,58.60620216487475,35.05867851773178
36.46263,-116.8672,-59.1,0.05708655187667951,0.0,0.0,50.457871985235265,36.91153559695482
36.46263,-116.8672,-59.1,-0.028732204600565258,0.0,0.0,104.1119632793741,82.68151773646944
36.46263,-116.8672,-59.1,0.018029299209627682,0.0,0.0,74.15769298814183,57.936799982213365
36.46263,-116.8672,-59.1,-0.03916211641416661,0.0,0.0,70.63356444161002,44.62754331439505
36.46263,-116.8672,-59.1,0.036546216356432557,0.0,0.0,66.03061726084186,46.22784624319316
36.46263,-116.8672,-59.1,0.030194902675012122,0.0,0.0,70.68714154708886,55.41764854550501
36.46263,-116.8672,-59.1,0.01742207187714034,0.0,0.0,73.99870227095084,50.175419541628365
36.46263,-116.8672,-59.1,0.032980644958764474,0.0,0.0,106.1778727856193,85.05779571484159
36.46263,-116.8672,-59.1,0.000504178607397827,0.0,0.0,83.07124547375452,55.94876295906406
36.46263,-116.8672,-59.1,-0.04711920042381892,0.0,0.0,87.14914952437637,60.68009170761829
36.46263,-116.8672,-59.1,0.0037694186375909606,0.0,0.0,106.8016579867773,86.14200692389475
36.46263,-116.8672,-59.1,0.039647020097217274,0.0,0.0,75.08817142236518,54.89791027503252
36.46263,-116.8672,-59.1,-0.024245718420165624,0.0,0.0,95.77096073786811,75.27230089042716
36.46263,-116.8672,-59.1,0.024926549790326137,0.0,0.0,124.63306974285923,94.56250852987235
36.46263,-116.8672,-59.1,0.19690282730171918,0.0,0.0,89.5690232788197,64.64587784082791
36.46263,-116.8672,-59.1,-0.041760286810465896,0.0,0.0,117.9421842017127,92.21183828966487
36.46263,-116.8672,-59.1,-0.03275141933857615,0.0,0.0,68.76308632405103,43.14159356412186
36.46263,-116.8672,-59.1,0.028013989781481344,0.0,0.0,66.10701081027376,43.02142633031205
36.46263,-116.8672,-59.1,-0.01892660383443821,0.0,0.0,70.99050817891431,52.10004163413919
36.46263,-116.8672,-59.1,-0.025016312410152845,0.0,0.0,65.37467308718752,44.78966443608203
36.46263,-116.8672,-59.1,-0.038316951297854965,0.0,0.0,65.69875851699261,40.24335467338243
36.46263,-116.8672,-59.1,0.03827118328910295,0.0,0.0,57.25680492215147,37.14314731376004
36.46263,-116.8672,-59.1,-0.01946072792565369,0.0,0.0,88.79483998321616,55.85452668248582
36.46263,-116.8672,-59.1,0.033022372503866054,0.0,0.0,61.735297446199525,47.41181403547544
36.46263,-116.8672,-59.1,0.008573641240110043,0.0,0.0,85.59800179502975,60.83038802437256
36.46263,-116.8672,-59.1,-0.028495742823033233,0.0,0.0,95.08527462963893,64.2661499539041
36.46263,-116.8672,-59.1,0.0063134153207943635,0.0,0.0,104.23602368221074,79.55065494683761
36.46263,-116.8672,-59.1,0.31487467499476235,0.0,0.0,67.01822793143103,51.6856642219834
36.46263,-116.8672,-59.1,0.05329869600651837,0.0,0.0,59.06969453833395,42.55259665562167
36.46263,-116.8672,-59.1,-0.00037926177610012453,0.0,0.0,106.41512773985637,79.1032973303379
36.46263,-116.8672,-59.1,0.44823042045442996,0.0,0.0,62.63771691912225,52.87069715724116
36.46263,-116.8672,-59.1,-0.004220063705042512,0.0,0.0,64.23668936202371,42.44796068199535
36.46263,-116.8672,-59.1,0.011047769626463333,0.0,0.0,77.67102794037817,49.88993437241785
36.46263,-116.8672,-59.1,-0.001361007351105925,0.0,0.0,68.57317945967415,47.47181524346838
36.46263,-116.8672,-59.1,0.02287460709202179,0.0,0.0,67.54563606296924,45.400545309140306
36.46263,-116.8672,-59.1,-0.05664085777481858,0.0,0.0,107.61217601114028,85.41596851578817
36.46263,-116.8672,-59.1,0.039895342571455446,0.0,0.0,71.03151882532795,58.18605264838456
36.46263,-116.8672,-59.1,0.03378382463695036,0.0,0.0,63.748291728772706,42.57841369122319
36.46263,-116.8672,-59.1,-0.01510412140568409,0.0,0.0,104.7262262625776,82.75903670476984
36.46263,-116.8672,-59.1,0.016859462420471795,0.0,0.0,64.09972395412541,51.78695749453339
36.46263,-116.8672,-59.1,0.01411424571102014,0.0,0.0,112.61550863006586,92.23461410293545
36.46263,-116.8672,-59.1,0.011160025677029962,0.0,0.0,81.61107735190544,51.465442688037484
36.46263,-116.8672,-59.1,0.03779341201094828,0.0,0.0,109.19785882044826,82.18941206759374
36.46263,-116.8672,-59.1,0.03415542153639111,0.0,0.0,78.44269510559674,57.42234282402577
36.46263,-116.8672,-59.1,-0.016301324053858233,0.0,0.0,105.12756128184013,66.09368306626935
36.46263,-116.8672,-59.1,-0.060867315538220994,0.0,0.0,68.2844813891815,42.13638682094592
36.46263,-116.8672,-59.1,-0.056391370453395,0.0,0.0,116.9295636547942,95.54691065142232
36.46263,-116.8672,-59.1,-0.02044922929020019,0.0,0.0,124.24798345107774,90.32705447526831
36.46263,-116.8672,-59.1,0.017028646987843097,0.0,0.0,106.85944127781187,74.49321455579815
36.46263,-116.8672,-59.1,-0.04171740544833967,0.0,0.0,80.97786605018939,49.14370485489932
36.46263,-116.8672,-59.1,0.01826590849238084,0.0,0.0,92.5599457622175,60.373115475237974
36.46263,-116.8672,-59.1,-0.0001967241233570338,0.0,0.0,92.66746632710819,63.50431347438751
36.46263,-116.8672,-59.1,-0.020499069657623263,0.0,0.0,80.84133238714244,61.86954853704787
36.46263,-116.8672,-59.1,0.03720656909023115,0.0,0.0,112.96088097228815,85.43281103052267
36.46263,-116.8672,-59.1,0.009759466951879589,0.0,0.0,77.15962166006682,53.257127379289344
36.46263,-116.8672,-59.1,0.014008688650329374,0.0,0.0,106.17537417256482,69.22616510651498
36.46263,-116.8672,-59.1,0.007705865124086795,0.0,0.0,111.00518832608631,80.5311745007657
36.46263,-116.8672,-59.1,-0.011307191501778436,0.0,0.0,66.2606945901157,45.658491776026814
36.46263,-116.8672,-59.1,0.10561986632082569,0.0,0.0,59.28593493522906,42.289646344838076
36.46263,-116.8672,-59.1,0.014427755288906448,0.0,0.0,82.2737783181273,76.8385322382792
36.46263,-116.8672,-59.1,-0.006133051102119695,0.0,0.0,69.74948226698041,51.8706414210677
36.46263,-116.8672,-59.1,-0.027164828922415868,0.0,0.0,55.43995583058142,39.015743461675164
36.46263,-116.8672,-59.1,0.028168760585491715,0.0,0.0,82.7328628783399,55.0715218523748
36.46263,-116.8672,-59.1,-0.05598671188463808,0.0,0.0,72.58665101093402,52.901071295902554
36.46263,-116.8672,-59.1,-0.02815750791072242,0.0,0.0,61.82557330106079,38.82188536545451
36.46263,-116.8672,-59.1,-0.008852488019230303,0.0,0.0,102.7364296685831,72.39992326498025
36.46263,-116.8672,-59.1,-0.0423112500402282,0.0,0.0,67.49684830398442,52.69972109895346
36.46263,-116.8672,-59.1,0.03556814253009837,0.0,0.0,85.29978175562557,72.64506621614194
36.46263,-116.8672,-59.1,-0.00122993405052978,0.0,0.0,87.85799623880193,67.8879333398561
36.46263,-116.8672,-59.1,0.0128684109382234,0.0,0.0,94.94154847749967,66.29636634380167
36.46263,-116.8672,-59.1,0.1473239830680821,0.0,0.0,103.98237685873896,77.82676964595856
36.46263,-116.8672,-59.1,-0.0385192586803962,0.0,0.0,88.04937451412462,70.10643082029436
36.46263,-116.8672,-59.1,-0.010768486172530884,0.0,0.0,60.18672622674814,34.48359426050558
36.46263,-116.8672,-59.1,0.01869258299576899,0.0,0.0,102.49065514349537,74.97825991071015
36.46263,-116.8672,-59.1,0.0050874078381475,0.0,0.0,89.25141085900982,64.49155639910583
36.46263,-116.8672,-59.1,0.03331237083470904,0.0,0.0,116.79402496111157,84.39982545106187
36.46263,-116.8672,-59.1,-0.018093698637812756,0.0,0.0,88.46588677425669,58.96419651437197
36.46263,-116.8672,-59.1,-0.01701453114934214,0.0,0.0,96.6068860425098,61.23915232172202
36.46263,-116.8672,-59.1,-0.03680953375908071,0.0,0.0,75.54318861003817,47.96591243188957
36.46263,-116.8672,-59.1,0.05324172166347363,0.0,0.0,103.01038920533459,81.85914647104806
36.46263,-116.8672,-59.1,0.053995549840482396,0.0,0.0,68.07210613261202,52.93468511906351
36.46263,-116.8672,-59.1,0.013418075326266878,0.0,0.0,70.69292498973535,56.803194094372444
36.46263,-116.8672,-59.1,0.019245894366360587,0.0,0.0,102.97401485647973,76.93629135158768
36.46263,-116.8672,-59.1,0.02349827409271917,0.0,0.0,94.69793860751285,76.0393280366104
36.46263,-116.8672,-59.1,-0.041080729042036884,0.0,0.0,110.21898959920665,81.24183792052447
36.46263,-116.8672,-59.1,0.01023802567579098,0.0,0.0,70.18314937367023,51.39084562040838
36.46263,-116.8672,-59.1,-0.005302383661038469,0.0,0.0,79.62467201322912,57.532960129432176
36.46263,-116.8672,-59.1,-0.02090894990553731,0.0,0.0,101.43622524840288,75.97242866350294
36.46263,-116.8672,-59.1,0.1299967672387448,0.0,0.0,75.18476561457803,53.74454214281328
36.46263,-116.8672,-59.1,0.02784605645594201,0.0,0.0,54.53826682303443,32.44374803318014
36.46263,-116.8672,-59.1,0.014202658600218973,0.0,0.0,69.83303998771935,46.64086888063596
36.46263,-116.8672,-59.1,0.03566903720288573,0.0,0.0,94.75120504239437,66.0728845936109
36.46263,-116.8672,-59.1,-0.011017029949468918,0.0,0.0,65.65810597172376,45.41289180627128
36.46263,-116.8672,-59.1,-0.005768291200866876,0.0,0.0,67.47185152536483,48.75990269874894
36.46263,-116.8672,-59.1,0.043222539926125146,0.0,0.0,115.92239023860742,89.03980596579764
36.46263,-116.8672,-59.1,-0.0006922316475954862,0.0,0.0,93.43796878139558,71.64525251532356
36.46263,-116.8672,-59.1,0.023758571290940184,0.0,0.0,107.60117574409078,58.88982032284306
36.46263,-116.8672,-59.1,-0.016768682818005292,0.0,0.0,100.00667306675263,66.85861057782874
36.46263,-116.8672,-59.1,-0.03041070921522863,0.0,0.0,73.26420239977809,48.569496634711214
36.46263,-116.8672,-59.1,2.1802330427753267,0.0,0.0,62.761180526077716,44.448921311356905
36.46263,-116.8672,-59.1,0.012700960682477539,0.0,0.0,71.44520730148307,48.25546212873324
36.46263,-116.8672,-59.1,0.0003906722239522935,0.0,0.0,116.50509890320205,92.91752976521384
36.46263,-116.8672,-59.1,0.004329226306717853,0.0,0.0,102.70177430010503,74.31424227355917
36.46263,-116.8672,-59.1,-0.006568763455456342,0.0,0.0,76.58950364643552,54.723800084850595
36.46263,-116.8672,-59.1,0.017199495942065074,0.0,0.0,67.69842766351123,41.957670485857705
36.46263,-116.8672,-59.1,-0.04073769662975806,0.0,0.0,93.95794779419886,67.19781033608362
36.46263,-116.8672,-59.1,-0.02561724859562969,0.0,0.0,105.19075589697673,71.62548774551475
36.46263,-116.8672,-59.1,0.028563964723264876,0.0,0.0,101.80654229288203,79.6314747538808
36.46263,-116.8672,-59.1,0.027625995940542766,0.0,0.0,113.52096361359627,90.80985637338894
36.46263,-116.8672,-59.1,0.012197224042990123,0.0,0.0,81.65010086192997,54.20781825415038
36.46263,-116.8672,-59.1,0.035287293016950605,0.0,0.0,91.81287155571323,65.60395274830249
36.46263,-116.8672,-59.1,-0.018424667463688413,0.0,0.0,61.333903427737425,34.50781034476023
36.46263,-116.8672,-59.1,-0.012273141538119979,0.0,0.0,71.15289764544467,58.46665474967848
36.46263,-116.8672,-59.1,-0.022807195872278706,0.0,0.0,83.43274336978877,74.97955492125632
36.46263,-116.8672,-59.1,0.047719630909772694,0.0,0.0,81.44019589717837,64.00643122133864
36.46263,-116.8672,-59.1,0.014106802778068495,0.0,0.0,89.01745708087813,74.0482888743407
36.46263,-116.8672,-59.1,0.00011210736918818316,0.0,0.0,76.3423351945671,52.309456099983585
36.46263,-116.8672,-59.1,0.04601914586318481,0.0,0.0,98.40049967765115,76.2779906270589
36.46263,-116.8672,-59.1,-0.05815293368954497,0.0,0.0,124.95742935350319,98.35886745520052
36.46263,-116.8672,-59.1,-0.02690011760749022,0.0,0.0,93.82454165488176,67.72230364156395
36.46263,-116.8672,-59.1,0.05508622790600619,0.0,0.0,94.54482606074521,68.76509941211731
36.46263,-116.8672,-59.1,-0.017018415632760842,0.0,0.0,71.09315101909236,42.94005285414586
36.46263,-116.8672,-59.1,0.03535744148902391,0.0,0.0,75.04484471133638,47.96752381605738
36.46263,-116.8672,-59.1,-0.0008521687551944718,0.0,0.0,58.63406434651265,33.12743167933199
36.46263,-116.8672,-59.1,-0.009473208729188753,0.0,0.0,117.6565865117386,89.94415664164511
36.46263,-116.8672,-59.1,0.02394197788771586,0.0,0.0,72.59961407890651,58.291725635009456
36.46263,-116.8672,-59.1,0.004429168935484823,0.0,0.0,74.18115975099101,65.98628791410768
36.46263,-116.8672,-59.1,-0.0369318777248724,0.0,0.0,112.70923404024619,87.63609458966516
36.46263,-116.8672,-59.1,0.02360179689766896,0.0,0.0,91.83074871642961,73.46578210553447
36.46263,-116.8672,-59.1,0.05720463434074234,0.0,0.0,87.36330492406712,64.94162390094009
36.46263,-116.8672,-59.1,0.034216527788166,0.0,0.0,111.85102882164944,91.4490980941864
36.46263,-116.8672,-59.1,0.004881551920640696,0.0,0.0,80.3251265093062,63.844546573596766
36.46263,-116.8672,-59.1,-0.017154120626867657,0.0,0.0,75.31056487246053,53.42583172419427
36.46263,-116.8672,-59.1,-0.004934609626934571,0.0,0.0,110.05562280729255,82.31718173442101
36.46263,-116.8672,-59.1,-0.017956586809066147,0.0,0.0,111.19439662717578,75.30197882257104
36.46263,-116.8672,-59.1,-0.026823567543123726,0.0,0.0,76.56377438970783,48.56404006505559
36.46263,-116.8672,-59.1,-0.016712982804676615,0.0,0.0,91.4130192792657,67.92884989060576
36.46263,-116.8672,-59.1,-0.001875936479058597,0.0,0.0,122.111646408465,95.1007727008487
36.46263,-116.8672,-59.1,-0.03319293072427338,0.0,0.0,75.52872237802356,53.02297304430445
36.46263,-116.8672,-59.1,-0.013813176518087788,0.0,0.0,86.11771453862681,66.63080718618916
36.46263,-116.8672,-59.1,-0.03324348874182827,0.0,0.0,121.03532199092487,87.62507180580818
36.46263,-116.8672,-59.1,0.0417899929467992,0.0,0.0,69.75348088881032,55.64399404220346
36.46263,-116.8672,-59.1,-0.040964766025023754,0.0,0.0,105.24058539537455,81.47429286648457
36.46263,-116.8672,-59.1,0.001134422059131496,0.0,0.0,55.16055416220793,33.70516926133229
36.46263,-116.8672,-59.1,0.02285954753386499,0.0,0.0,67.70084054537944,49.73454202440865
36.46263,-116.8672,-59.1,-0.029764028160715657,0.0,0.0,74.09382362327018,40.704952269083094
36.46263,-116.8672,-59.1,0.20783730276449458,0.0,0.0,99.3973236394377,75.63102995338996
36.46263,-116.8672,-59.1,-0.03746122328360396,0.0,0.0,99.91212572184635,48.63940424727143
36.46263,-116.8672,-59.1,0.016178707423497456,0.0,0.0,86.53814957421372,69.6138130584241
36.46263,-116.8672,-59.1,0.018162524874484866,0.0,0.0,83.72945083642665,59.87110789677487
36.46263,-116.8672,-59.1,0.043576759647449066,0.0,0.0,63.69030500821779,36.72125626768529
36.46263,-116.8672,-59.1,0.0011654804538214554,0.0,0.0,78.43375841988518,65.54890495305374
36.46263,-116.8672,-59.1,-0.007455687542606609,0.0,0.0,98.13411624994366,79.06835939710487
36.46263,-116.8672,-59.1,0.015354682552864051,0.0,0.0,84.42531213612463,51.87032580516229
36.46263,-116.8672,-59.1,-0.008849486592041609,0.0,0.0,65.4214896062026,45.83377002912316
36.46263,-116.8672,-59.1,-0.05401604885626835,0.0,0.0,81.58152929581357,47.76912991009254
36.46263,-116.8672,-59.1,-0.010866300253764864,0.0,0.0,60.461005719783905,37.68632033940058
36.46263,-116.8672,-59.1,0.023420712602156824,0.0,0.0,72.0061000388541,51.29063501736213
36.46263,-116.8672,-59.1,0.03248409422129973,0.0,0.0,75.33282609444663,56.69710082193768
36.46263,-116.8672,-59.1,0.03642752511232506,0.0,0.0,73.72399933455554,54.34235386514414
36.46263,-116.8672,-59.1,0.05899219900830541,0.0,0.0,92.76387998419578,77.85932160426431
36.46263,-116.8672,-59.1,0.0036160881451769555,0.0,0.0,112.90252770735844,83.68248055480345
36.46263,-116.8672,-59.1,-0.024824911564550297,0.0,0.0,103.9907047243398,77.09529809459279
36.46263,-116.8672,-59.1,0.035136264233151734,0.0,0.0,59.5983017495563,41.846222753786314
36.46263,-116.8672,-59.1,0.03745558753152072,0.0,0.0,60.38787602430289,40.12562863532207
36.46263,-116.8672,-59.1,0.040372824122565536,0.0,0.0,62.05849460316072,49.12674067339741
36.46263,-116.8672,-59.1,0.027825103281810936,0.0,0.0,88.07200973604868,53.34026569546044
36.46263,-116.8672,-59.1,-0.03462981838698833,0.0,0.0,116.01794221982004,89.61084143439162
36.46263,-116.8672,-59.1,-0.005413995903947658,0.0,0.0,81.96082381883048,67.14462040821485
36.46263,-116.8672,-59.1,-0.02200935123515355,0.0,0.0,104.9578515487944,74.62852260013318
36.46263,-116.8672,-59.1,-0.023029584106391672,0.0,0.0,128.21650788156015,100.92742241048556
36.46263,-116.8672,-59.1,-0.03916977160061806,0.0,0.0,69.6645675506921,54.82772302040688
36.46263,-116.8672,-59.1,-0.024629581430771763,0.0,0.0,79.22840463770852,56.67304469231814
36.46263,-116.8672,-59.1,-0.00864654177759997,0.0,0.0,95.59137639111492,72.98852191583548
36.46263,-116.8672,-59.1,-0.013205698961261662,0.0,0.0,73.71991110557161,48.87216594556058
36.46263,-116.8672,-59.1,0.013651915895525982,0.0,0.0,63.742346963330554,46.69744036197323
36.46263,-116.8672,-59.1,-0.03778244672264631,0.0,0.0,80.90976371929466,54.15612420650418
36.46263,-116.8672,-59.1,-0.05189588587494424,0.0,0.0,115.26175007501108,91.51236592497128
36.46263,-116.8672,-59.1,-0.032336236544015066,0.0,0.0,115.37462617768279,88.13962579731017
36.46263,-116.8672,-59.1,0.043436113940979654,0.0,0.0,92.93892757522036,66.12276829021373
36.46263,-116.8672,-59.1,0.0052021030820467605,0.0,0.0,75.7182589113978,58.32642792665684
36.46263,-116.8672,-59.1,0.029772523190632425,0.0,0.0,99.58958066268973,60.87354571868605
36.46263,-116.8672,-59.1,0.027914116996728435,0.0,0.0,104.67828946898436,82.91499017784786
36.46263,-116.8672,-59.1,-0.06282833761738518,0.0,0.0,82.76973668119167,65.01862335320978
36.46263,-116.8672,-59.1,-0.06779111390619766,0.0,0.0,108.07888352395938,76.17949437292715
36.46263,-116.8672,-59.1,0.19765151727076932,0.0,0.0,75.85751645693183,62.19115046123316
36.46263,-116.8672,-59.1,0.013213939098386165,0.0,0.0,107.89504992003567,81.32755897257526
36.46263,-116.8672,-59.1,0.017682705597207343,0.0,0.0,69.08698334490475,48.60423182091001
36.46263,-116.8672,-59.1,-0.004544982513483721,0.0,0.0,75.13205678461833,47.216870746221836
36.46263,-116.8672,-59.1,-0.02332151067115336,0.0,0.0,103.60104388669367,77.18489380671768
36.46263,-116.8672,-59.1,-0.027377656230852733,0.0,0.0,89.55436792712742,67.09900962702922
36.46263,-116.8672,-59.1,0.006856971192139374,0.0,0.0,94.10099300966039,74.80174846797136
36.46263,-116.8672,-59.1,0.02176163723947895,0.0,0.0,111.84567026241439,87.41621558473881
36.46263,-116.8672,-59.1,0.010074511479121544,0.0,0.0,100.74376415551312,64.80984839727019
36.46263,-116.8672,-59.1,-0.04348554573378691,0.0,0.0,114.28263796140975,77.59104019121065
36.46263,-116.8672,-59.1,-0.03890158943989245,0.0,0.0,101.47345450632947,62.791692017874965
36.46263,-116.8672,-59.1,0.0027447772634556496,0.0,0.0,83.75859441895206,53.13497613308017
36.46263,-116.8672,-59.1,-0.012459583600587193,0.0,0.0,105.8686802212817,79.67203538183436
36.46263,-116.8672,-59.1,-0.04308552848894963,0.0,0.0,78.45137504204936,60.00492400561184
36.46263,-116.8672,-59.1,0.023324179928320133,0.0,0.0,84.65019969389573,42.987733736508126
36.46263,-116.8672,-59.1,0.007909290363209623,0.0,0.0,94.64307916179007,71.80028837700445
36.46263,-116.8672,-59.1,-0.019763658818525466,0.0,0.0,90.96831099227235,53.25856090311632
36.46263,-116.8672,-59.1,-0.034203398171411645,0.0,0.0,114.81316593924315,84.38149410964319
36.46263,-116.8672,-59.1,-0.026264240250762173,0.0,0.0,71.90147817457537,47.57598707335648
36.46263,-116.8672,-59.1,-0.03892787261898327,0.0,0.0,92.48050711077254,55.71755612751311
